Workbook

Sheet Transactions
A1: Date | B1: Sales_Rep | C1: Region | D1: Revenue | E1: Product_Category
A2: 46047 | B2: Riley | C2: West | D2: 3011 | E2: A
A3: 46038 | B3: Morgan | C3: West | D3: 13317 | E3: B
A4: 46049 | B4: Morgan | C4: West | D4: 14976 | E4: C
A5: 46024 | B5: Riley | C5: North | D5: 4608 | E5: C
A6: 46049 | B6: Taylor | C6: West | D6: 10963 | E6: C
A7: 46030 | B7: Jordan | C7: South | D7: 17702 | E7: C
A8: 46024 | B8: Taylor | C8: East | D8: 3121 | E8: A
A9: 46025 | B9: Taylor | C9: North | D9: 9472 | E9: C
A10: 46028 | B10: Alex | C10: East | D10: 10581 | E10: B
A11: 46043 | B11: Taylor | C11: East | D11: 15085 | E11: C
A12: 46026 | B12: Alex | C12: West | D12: 17799 | E12: C
A13: 46036 | B13: Jordan | C13: South | D13: 17646 | E13: B
... A41: 46040 | B41: Alex | C41: West | D41: 16256 | E41: A

Sheet Commission_Tiers
A1: Tier | B1: Min_Revenue | C1: Max_Revenue | D1: Commission_Rate
A2: 1 | B2: 0 | C2: 25000 | D2: 0.03
A3: 2 | B3: 25001 | C3: 50000 | D3: 0.05
A4: 3 | B4: 50001 | C4: 100000 | D4: 0.07

Sheet Assumptions
A1: Commission Cap % of Revenue | B1: 0.08
A3: Product A Bonus Override | B3: 0.01
A5: Bonus Trigger Threshold | B5: 75000

Sheet Model
A1: Sales_Rep | B1: Total_Revenue | C1: Tier | D1: Commission_Rate | E1: Base_Commission | F1: Adjusted_Commission
A2: Alex | B2: =SUMIF(Transactions!B:B,A2,Transactions!D:D) | C2: =IF(B2<=25000,1,IF(B2<=50000,2,3)) | D2: =VLOOKUP(C2,Commission_Tiers!A:D,4,FALSE) | E2: =B2*D2 | F2: =MIN(E2,B2*Assumptions!B1)
A3: Jordan | B3: =SUMIF(Transactions!B:B,A3,Transactions!D:D) | C3: =IF(B3<=25000,1,IF(B3<=50000,2,3)) | D3: =VLOOKUP(C3,Commission_Tiers!A:D,4,FALSE) | E3: =B3*D3 | F3: =MIN(E3,B3*Assumptions!B1)
A4: Morgan | B4: =SUMIF(Transactions!B:B,A4,Transactions!D:D) | C4: =IF(B4<=25000,1,IF(B4<=50000,2,3)) | D4: =VLOOKUP(C4,Commission_Tiers!A:D,4,FALSE) | E4: =B4*D4 | F4: =MIN(E4,B4*Assumptions!B1)
A5: Taylor | B5: =SUMIF(Transactions!B:B,A5,Transactions!D:D) | C5: =IF(B5<=25000,1,IF(B5<=50000,2,3)) | D5: =VLOOKUP(C5,Commission_Tiers!A:D,4,FALSE) | E5: =B5*D5 | F5: =MIN(E5,B5*Assumptions!B1)
A6: Riley | B6: =SUMIF(Transactions!B:B,A6,Transactions!D:D) | C6: =IF(B6<=25000,1,IF(B6<=50000,2,3)) | D6: =VLOOKUP(C6,Commission_Tiers!A:D,4,FALSE) | E6: =B6*D6 | F6: =MIN(E6,B6*Assumptions!B1)

Sheet Validation
A1: Total Revenue Check (Model) | B1: =SUM(Model!B2:B6)
A2: Total Revenue Check (Transactions) | B2: =SUM(Transactions!D:D)
A3: Revenue Reconciles? | B3: =IF(B1=B2,"OK","Mismatch")
A5: Any Commission Over Cap? | B5: =IF(COUNTIF(Model!F2:F6,">"&Model!B2:B6*Assumptions!B1)>0,"Check Caps","OK")
